stock_name,naver_domestic_rank,naver_domestic_market,naver_current_price,naver_change_rate,naver_volume,naver_trading_value_krw,naver_leader_source,naver_source_url,fetched_at,naver_domestic_leader_score
KODEX 200선물인버스2X,1,KOSPI,73.0,-1.35,1995908502.0,142255000000.0,naver_finance_sise_quant,https://finance.naver.com/sise/sise_quant.naver?sosok=0,2026-06-16T01:01:17.841586+00:00,0.6827500000000001
빛과전자,1,KOSDAQ,3640.0,6.59,10884016.0,40343000000.0,naver_finance_sise_quant,https://finance.naver.com/sise/sise_quant.naver?sosok=1,2026-06-16T01:01:18.015552+00:00,0.92165
KODEX 인버스,2,KOSPI,919.0,-1.08,243523756.0,221954000000.0,naver_finance_sise_quant,https://finance.naver.com/sise/sise_quant.naver?sosok=0,2026-06-16T01:01:17.841669+00:00,0.70295
세미티에스,2,KOSDAQ,6200.0,-5.05,10212134.0,71229000000.0,naver_finance_sise_quant,https://finance.naver.com/sise/sise_quant.naver?sosok=1,2026-06-16T01:01:18.015619+00:00,0.60075
KODEX SK하이닉스단일종목레버리지,3,KOSPI,27915.0,4.12,27323691.0,782773000000.0,naver_finance_sise_quant,https://finance.naver.com/sise/sise_quant.naver?sosok=0,2026-06-16T01:01:17.841735+00:00,0.8927
대한광통신,3,KOSDAQ,20050.0,5.75,9756709.0,194372000000.0,naver_finance_sise_quant,https://finance.naver.com/sise/sise_quant.naver?sosok=1,2026-06-16T01:01:18.015676+00:00,0.93475
대우건설,4,KOSPI,27400.0,19.65,26196827.0,705927000000.0,naver_finance_sise_quant,https://finance.naver.com/sise/sise_quant.naver?sosok=0,2026-06-16T01:01:17.841796+00:00,0.9902500000000001
화신정공,4,KOSDAQ,6180.0,17.49,9261288.0,59901000000.0,naver_finance_sise_quant,https://finance.naver.com/sise/sise_quant.naver?sosok=1,2026-06-16T01:01:18.015729+00:00,0.94125
티웨이홀딩스,5,KOSPI,426.0,17.68,24295572.0,10340000000.0,naver_finance_sise_quant,https://finance.naver.com/sise/sise_quant.naver?sosok=0,2026-06-16T01:01:17.841855+00:00,0.8739999999999999
JW신약,5,KOSDAQ,1875.0,5.63,7278946.0,14544000000.0,naver_finance_sise_quant,https://finance.naver.com/sise/sise_quant.naver?sosok=1,2026-06-16T01:01:18.015783+00:00,0.84205
KODEX 삼성전자단일종목레버리지,6,KOSPI,25685.0,0.0,23657481.0,621480000000.0,naver_finance_sise_quant,https://finance.naver.com/sise/sise_quant.naver?sosok=0,2026-06-16T01:01:17.842020+00:00,0.7397499999999999
우리기술,6,KOSDAQ,15310.0,1.53,6056320.0,96378000000.0,naver_finance_sise_quant,https://finance.naver.com/sise/sise_quant.naver?sosok=1,2026-06-16T01:01:18.015927+00:00,0.7633
TIGER SK하이닉스단일종목레버리지,7,KOSPI,23725.0,3.38,18535903.0,451946000000.0,naver_finance_sise_quant,https://finance.naver.com/sise/sise_quant.naver?sosok=0,2026-06-16T01:01:17.842078+00:00,0.8537999999999999
이노인스트루먼트,7,KOSDAQ,1581.0,5.05,5776596.0,9565000000.0,naver_finance_sise_quant,https://finance.naver.com/sise/sise_quant.naver?sosok=1,2026-06-16T01:01:18.015981+00:00,0.7982500000000001
TIGER 200선물인버스2X,8,KOSPI,78.0,-2.5,17163674.0,1319000000.0,naver_finance_sise_quant,https://finance.naver.com/sise/sise_quant.naver?sosok=0,2026-06-16T01:01:17.842135+00:00,0.47475
코스모로보틱스,8,KOSDAQ,28200.0,12.35,5606988.0,158757000000.0,naver_finance_sise_quant,https://finance.naver.com/sise/sise_quant.naver?sosok=1,2026-06-16T01:01:18.016034+00:00,0.9642499999999999
KODEX 코스닥150레버리지,9,KOSPI,12800.0,-4.62,16848901.0,219948000000.0,naver_finance_sise_quant,https://finance.naver.com/sise/sise_quant.naver?sosok=0,2026-06-16T01:01:17.842191+00:00,0.619
TS트릴리온,9,KOSDAQ,1146.0,-4.98,5268280.0,7025000000.0,naver_finance_sise_quant,https://finance.naver.com/sise/sise_quant.naver?sosok=1,2026-06-16T01:01:18.016087+00:00,0.501
한온시스템,10,KOSPI,5250.0,-7.57,15349866.0,83791000000.0,naver_finance_sise_quant,https://finance.naver.com/sise/sise_quant.naver?sosok=0,2026-06-16T01:01:17.842248+00:00,0.59075
모바일어플라이언스,10,KOSDAQ,522.0,-14.29,5067843.0,3096000000.0,naver_finance_sise_quant,https://finance.naver.com/sise/sise_quant.naver?sosok=1,2026-06-16T01:01:18.016153+00:00,0.46775
SOL SK하이닉스선물단일종목인버스2X,11,KOSPI,11470.0,-4.02,13916530.0,155020000000.0,naver_finance_sise_quant,https://finance.naver.com/sise/sise_quant.naver?sosok=0,2026-06-16T01:01:17.842406+00:00,0.6055
HPSP,11,KOSDAQ,70800.0,-15.21,4974735.0,366658000000.0,naver_finance_sise_quant,https://finance.naver.com/sise/sise_quant.naver?sosok=1,2026-06-16T01:01:18.016296+00:00,0.6205
KODEX 2차전지산업레버리지,12,KOSPI,1759.0,-2.39,13625516.0,24140000000.0,naver_finance_sise_quant,https://finance.naver.com/sise/sise_quant.naver?sosok=0,2026-06-16T01:01:17.842462+00:00,0.5655999999999999
CSA 코스믹,12,KOSDAQ,340.0,5.59,4668238.0,1482000000.0,naver_finance_sise_quant,https://finance.naver.com/sise/sise_quant.naver?sosok=1,2026-06-16T01:01:18.016361+00:00,0.7509
SOL AI반도체TOP2플러스,13,KOSPI,24965.0,0.67,12469869.0,314356000000.0,naver_finance_sise_quant,https://finance.naver.com/sise/sise_quant.naver?sosok=0,2026-06-16T01:01:17.842518+00:00,0.7434499999999999
코데즈컴바인,13,KOSDAQ,3610.0,0.7,3310141.0,12023000000.0,naver_finance_sise_quant,https://finance.naver.com/sise/sise_quant.naver?sosok=1,2026-06-16T01:01:18.016415+00:00,0.6415
KODEX 코스닥150선물인버스,14,KOSPI,2120.0,2.42,11620558.0,24374000000.0,naver_finance_sise_quant,https://finance.naver.com/sise/sise_quant.naver?sosok=0,2026-06-16T01:01:17.842575+00:00,0.73045
서산,14,KOSDAQ,2850.0,29.84,3153506.0,8641000000.0,naver_finance_sise_quant,https://finance.naver.com/sise/sise_quant.naver?sosok=1,2026-06-16T01:01:18.016467+00:00,0.84575
삼성 인버스 2X WTI원유 선물 ETN,15,KOSPI,21.0,0.0,11493634.0,236000000.0,naver_finance_sise_quant,https://finance.naver.com/sise/sise_quant.naver?sosok=0,2026-06-16T01:01:17.842633+00:00,0.5285
빅텍,15,KOSDAQ,3690.0,6.65,3077039.0,11877000000.0,naver_finance_sise_quant,https://finance.naver.com/sise/sise_quant.naver?sosok=1,2026-06-16T01:01:18.016521+00:00,0.84425
TIGER 삼성전자단일종목레버리지,16,KOSPI,23650.0,-0.11,11398034.0,275206000000.0,naver_finance_sise_quant,https://finance.naver.com/sise/sise_quant.naver?sosok=0,2026-06-16T01:01:17.842823+00:00,0.7074
한일단조,16,KOSDAQ,2500.0,8.46,2685330.0,7152000000.0,naver_finance_sise_quant,https://finance.naver.com/sise/sise_quant.naver?sosok=1,2026-06-16T01:01:18.016695+00:00,0.8362499999999999
TIGER 미국우주테크,17,KOSPI,12005.0,-6.32,8967730.0,110227000000.0,naver_finance_sise_quant,https://finance.naver.com/sise/sise_quant.naver?sosok=0,2026-06-16T01:01:17.842881+00:00,0.5850000000000001
시지메드텍,17,KOSDAQ,1493.0,18.68,2318059.0,3280000000.0,naver_finance_sise_quant,https://finance.naver.com/sise/sise_quant.naver?sosok=1,2026-06-16T01:01:18.016780+00:00,0.808
광전자,18,KOSPI,10270.0,14.11,7883084.0,82927000000.0,naver_finance_sise_quant,https://finance.naver.com/sise/sise_quant.naver?sosok=0,2026-06-16T01:01:17.842938+00:00,0.92175
희림,18,KOSDAQ,5690.0,6.95,2183074.0,12478000000.0,naver_finance_sise_quant,https://finance.naver.com/sise/sise_quant.naver?sosok=1,2026-06-16T01:01:18.016846+00:00,0.853
KODEX 방산TOP10,19,KOSPI,13745.0,9.17,7662936.0,107056000000.0,naver_finance_sise_quant,https://finance.naver.com/sise/sise_quant.naver?sosok=0,2026-06-16T01:01:17.842994+00:00,0.9295000000000001
윈팩,19,KOSDAQ,3160.0,5.16,2065356.0,6650000000.0,naver_finance_sise_quant,https://finance.naver.com/sise/sise_quant.naver?sosok=1,2026-06-16T01:01:18.016912+00:00,0.7611000000000001
삼성 인버스 2X 코스닥150 선물 ETN,20,KOSPI,1565.0,5.32,6786942.0,10403000000.0,naver_finance_sise_quant,https://finance.naver.com/sise/sise_quant.naver?sosok=0,2026-06-16T01:01:17.843049+00:00,0.78345
아이로보틱스,20,KOSDAQ,3920.0,-8.41,2047310.0,8143000000.0,naver_finance_sise_quant,https://finance.naver.com/sise/sise_quant.naver?sosok=1,2026-06-16T01:01:18.016980+00:00,0.47925
삼화전자,21,KOSPI,3210.0,11.65,6703944.0,23126000000.0,naver_finance_sise_quant,https://finance.naver.com/sise/sise_quant.naver?sosok=0,2026-06-16T01:01:17.843202+00:00,0.872
아주IB투자,21,KOSDAQ,7560.0,-1.69,2007332.0,15138000000.0,naver_finance_sise_quant,https://finance.naver.com/sise/sise_quant.naver?sosok=1,2026-06-16T01:01:18.017175+00:00,0.5508500000000001
흥아해운,22,KOSPI,1910.0,1.38,5498838.0,10578000000.0,naver_finance_sise_quant,https://finance.naver.com/sise/sise_quant.naver?sosok=0,2026-06-16T01:01:17.843258+00:00,0.6430499999999999
휴림로봇,22,KOSDAQ,11050.0,-1.78,1552485.0,17207000000.0,naver_finance_sise_quant,https://finance.naver.com/sise/sise_quant.naver?sosok=1,2026-06-16T01:01:18.017243+00:00,0.54945
삼성전자,23,KOSPI,336000.0,-0.3,5417929.0,1843031000000.0,naver_finance_sise_quant,https://finance.naver.com/sise/sise_quant.naver?sosok=0,2026-06-16T01:01:17.843312+00:00,0.6950000000000001
상지건설,23,KOSDAQ,9280.0,24.56,1544788.0,14251000000.0,naver_finance_sise_quant,https://finance.naver.com/sise/sise_quant.naver?sosok=1,2026-06-16T01:01:18.017304+00:00,0.8484999999999999
KODEX 코스닥150,24,KOSPI,17885.0,-2.24,5320966.0,96157000000.0,naver_finance_sise_quant,https://finance.naver.com/sise/sise_quant.naver?sosok=0,2026-06-16T01:01:17.843372+00:00,0.58985
폴레드,24,KOSDAQ,4360.0,11.51,1528383.0,6532000000.0,naver_finance_sise_quant,https://finance.naver.com/sise/sise_quant.naver?sosok=1,2026-06-16T01:01:18.017373+00:00,0.8122499999999999
RISE 삼성전자SK하이닉스채권혼합50,25,KOSPI,14935.0,0.27,5048717.0,75919000000.0,naver_finance_sise_quant,https://finance.naver.com/sise/sise_quant.naver?sosok=0,2026-06-16T01:01:17.843426+00:00,0.6674500000000001
SG,25,KOSDAQ,2235.0,4.44,1418730.0,3169000000.0,naver_finance_sise_quant,https://finance.naver.com/sise/sise_quant.naver?sosok=1,2026-06-16T01:01:18.017441+00:00,0.6954
후성,26,KOSPI,20500.0,-8.48,4876981.0,101358000000.0,naver_finance_sise_quant,https://finance.naver.com/sise/sise_quant.naver?sosok=0,2026-06-16T01:01:17.843582+00:00,0.56175
제주반도체,26,KOSDAQ,101700.0,-2.96,1399088.0,147968000000.0,naver_finance_sise_quant,https://finance.naver.com/sise/sise_quant.naver?sosok=1,2026-06-16T01:01:18.017607+00:00,0.57115
KODEX 미국우주항공,27,KOSPI,12510.0,4.51,4668800.0,57697000000.0,naver_finance_sise_quant,https://finance.naver.com/sise/sise_quant.naver?sosok=0,2026-06-16T01:01:17.843637+00:00,0.80135
드림시큐리티,27,KOSDAQ,2940.0,-3.92,1386545.0,4193000000.0,naver_finance_sise_quant,https://finance.naver.com/sise/sise_quant.naver?sosok=1,2026-06-16T01:01:18.017667+00:00,0.4415
KODEX 건설,28,KOSPI,8315.0,5.92,4647225.0,38670000000.0,naver_finance_sise_quant,https://finance.naver.com/sise/sise_quant.naver?sosok=0,2026-06-16T01:01:17.843691+00:00,0.8354499999999999
비큐AI,28,KOSDAQ,703.0,13.94,1377223.0,964000000.0,naver_finance_sise_quant,https://finance.naver.com/sise/sise_quant.naver?sosok=1,2026-06-16T01:01:18.017721+00:00,0.75425
KODEX 200,29,KOSPI,137960.0,1.23,4261415.0,593178000000.0,naver_finance_sise_quant,https://finance.naver.com/sise/sise_quant.naver?sosok=0,2026-06-16T01:01:17.843745+00:00,0.7300500000000001
웨이브일렉트로,29,KOSDAQ,4950.0,21.32,1376116.0,6998000000.0,naver_finance_sise_quant,https://finance.naver.com/sise/sise_quant.naver?sosok=1,2026-06-16T01:01:18.017774+00:00,0.8049999999999999
대원전선,30,KOSPI,11110.0,3.93,4139490.0,46028000000.0,naver_finance_sise_quant,https://finance.naver.com/sise/sise_quant.naver?sosok=0,2026-06-16T01:01:17.843799+00:00,0.7693
미래에셋벤처투자,30,KOSDAQ,30450.0,-0.98,1354417.0,41654000000.0,naver_finance_sise_quant,https://finance.naver.com/sise/sise_quant.naver?sosok=1,2026-06-16T01:01:18.017842+00:00,0.5924499999999999
TIGER 반도체TOP10,31,KOSPI,52440.0,-2.53,4130341.0,219916000000.0,naver_finance_sise_quant,https://finance.naver.com/sise/sise_quant.naver?sosok=0,2026-06-16T01:01:17.843961+00:00,0.5849500000000001
KBI메탈,31,KOSDAQ,4755.0,-0.52,1316333.0,6356000000.0,naver_finance_sise_quant,https://finance.naver.com/sise/sise_quant.naver?sosok=1,2026-06-16T01:01:18.018023+00:00,0.5313
KODEX 레버리지,32,KOSPI,207290.0,2.1,3927476.0,828387000000.0,naver_finance_sise_quant,https://finance.naver.com/sise/sise_quant.naver?sosok=0,2026-06-16T01:01:17.844016+00:00,0.7577499999999999
한국첨단소재,32,KOSDAQ,2055.0,1.73,1273839.0,2648000000.0,naver_finance_sise_quant,https://finance.naver.com/sise/sise_quant.naver?sosok=1,2026-06-16T01:01:18.018079+00:00,0.5808
케이뱅크,33,KOSPI,6820.0,-2.29,3811895.0,25857000000.0,naver_finance_sise_quant,https://finance.naver.com/sise/sise_quant.naver?sosok=0,2026-06-16T01:01:17.844070+00:00,0.52685
RF시스템즈,33,KOSDAQ,9980.0,19.66,1228106.0,12156000000.0,naver_finance_sise_quant,https://finance.naver.com/sise/sise_quant.naver?sosok=1,2026-06-16T01:01:18.018133+00:00,0.818
삼성E&A,34,KOSPI,55500.0,6.53,3760036.0,210805000000.0,naver_finance_sise_quant,https://finance.naver.com/sise/sise_quant.naver?sosok=0,2026-06-16T01:01:17.844125+00:00,0.8943000000000001
하나마이크론,34,KOSDAQ,52200.0,2.55,1223834.0,63580000000.0,naver_finance_sise_quant,https://finance.naver.com/sise/sise_quant.naver?sosok=1,2026-06-16T01:01:18.018187+00:00,0.719
수산세보틱스,35,KOSPI,2820.0,10.16,3720369.0,10402000000.0,naver_finance_sise_quant,https://finance.naver.com/sise/sise_quant.naver?sosok=0,2026-06-16T01:01:17.844180+00:00,0.8075
테크윙,35,KOSDAQ,63300.0,-6.77,1153691.0,74517000000.0,naver_finance_sise_quant,https://finance.naver.com/sise/sise_quant.naver?sosok=1,2026-06-16T01:01:18.018248+00:00,0.5295000000000001
TIGER 미국S&P500,36,KOSPI,28375.0,0.55,3690294.0,104802000000.0,naver_finance_sise_quant,https://finance.naver.com/sise/sise_quant.naver?sosok=0,2026-06-16T01:01:17.844330+00:00,0.6645
주성엔지니어링,36,KOSDAQ,220500.0,-2.0,1148194.0,262875000000.0,naver_finance_sise_quant,https://finance.naver.com/sise/sise_quant.naver?sosok=1,2026-06-16T01:01:18.018417+00:00,0.59525
SK이터닉스,37,KOSPI,53100.0,8.7,3555561.0,183563000000.0,naver_finance_sise_quant,https://finance.naver.com/sise/sise_quant.naver?sosok=0,2026-06-16T01:01:17.844384+00:00,0.9010000000000001
좋은사람들,37,KOSDAQ,949.0,-6.04,1110600.0,1059000000.0,naver_finance_sise_quant,https://finance.naver.com/sise/sise_quant.naver?sosok=1,2026-06-16T01:01:18.018471+00:00,0.38700000000000007
현대약품,38,KOSPI,6730.0,-9.54,3356745.0,24831000000.0,naver_finance_sise_quant,https://finance.naver.com/sise/sise_quant.naver?sosok=0,2026-06-16T01:01:17.844438+00:00,0.48774999999999996
성호전자,38,KOSDAQ,40650.0,-5.02,1086622.0,45613000000.0,naver_finance_sise_quant,https://finance.naver.com/sise/sise_quant.naver?sosok=1,2026-06-16T01:01:18.018522+00:00,0.5077499999999999
TIGER 코리아원자력,39,KOSPI,21520.0,5.54,3268817.0,70023000000.0,naver_finance_sise_quant,https://finance.naver.com/sise/sise_quant.naver?sosok=0,2026-06-16T01:01:17.844492+00:00,0.8154
나무기술,39,KOSDAQ,7690.0,-5.64,1073038.0,8445000000.0,naver_finance_sise_quant,https://finance.naver.com/sise/sise_quant.naver?sosok=1,2026-06-16T01:01:18.018574+00:00,0.43850000000000006
한화생명,40,KOSPI,5510.0,4.95,3267953.0,17791000000.0,naver_finance_sise_quant,https://finance.naver.com/sise/sise_quant.naver?sosok=0,2026-06-16T01:01:17.844547+00:00,0.7454999999999999
KX하이텍,40,KOSDAQ,1483.0,-2.18,1026476.0,1525000000.0,naver_finance_sise_quant,https://finance.naver.com/sise/sise_quant.naver?sosok=1,2026-06-16T01:01:18.018625+00:00,0.41695
KODEX AI전력핵심설비,41,KOSPI,48125.0,1.1,3232799.0,156638000000.0,naver_finance_sise_quant,https://finance.naver.com/sise/sise_quant.naver?sosok=0,2026-06-16T01:01:17.844714+00:00,0.6825000000000001
보성파워텍,41,KOSDAQ,8890.0,3.61,975292.0,8667000000.0,naver_finance_sise_quant,https://finance.naver.com/sise/sise_quant.naver?sosok=1,2026-06-16T01:01:18.018773+00:00,0.6673500000000001
GS건설,42,KOSPI,32300.0,6.78,3051183.0,99627000000.0,naver_finance_sise_quant,https://finance.naver.com/sise/sise_quant.naver?sosok=0,2026-06-16T01:01:17.844771+00:00,0.8670500000000001
한켐,42,KOSDAQ,13900.0,1.68,954746.0,13688000000.0,naver_finance_sise_quant,https://finance.naver.com/sise/sise_quant.naver?sosok=1,2026-06-16T01:01:18.018824+00:00,0.6175499999999999
ACE 미국우주테크액티브,43,KOSPI,12360.0,5.51,3000703.0,36637000000.0,naver_finance_sise_quant,https://finance.naver.com/sise/sise_quant.naver?sosok=0,2026-06-16T01:01:17.844825+00:00,0.78535
우리로,43,KOSDAQ,6730.0,2.44,940345.0,6555000000.0,naver_finance_sise_quant,https://finance.naver.com/sise/sise_quant.naver?sosok=1,2026-06-16T01:01:18.018876+00:00,0.6109
퍼스텍,44,KOSPI,10460.0,29.94,2937329.0,28832000000.0,naver_finance_sise_quant,https://finance.naver.com/sise/sise_quant.naver?sosok=0,2026-06-16T01:01:17.844883+00:00,0.8282499999999999
국영지앤엠,44,KOSDAQ,573.0,7.1,906314.0,504000000.0,naver_finance_sise_quant,https://finance.naver.com/sise/sise_quant.naver?sosok=1,2026-06-16T01:01:18.018926+00:00,0.7102499999999999
KODEX 200타겟위클리커버드콜,45,KOSPI,26580.0,0.99,2734500.0,73314000000.0,naver_finance_sise_quant,https://finance.naver.com/sise/sise_quant.naver?sosok=0,2026-06-16T01:01:17.844938+00:00,0.6446500000000001
제너셈,45,KOSDAQ,6540.0,11.22,855639.0,5681000000.0,naver_finance_sise_quant,https://finance.naver.com/sise/sise_quant.naver?sosok=1,2026-06-16T01:01:18.018985+00:00,0.76
PLUS 삼성전자선물단일종목인버스2X,46,KOSPI,13055.0,0.12,2686013.0,34352000000.0,naver_finance_sise_quant,https://finance.naver.com/sise/sise_quant.naver?sosok=0,2026-06-16T01:01:17.845090+00:00,0.58695
아스트,46,KOSDAQ,594.0,2.77,852266.0,518000000.0,naver_finance_sise_quant,https://finance.naver.com/sise/sise_quant.naver?sosok=1,2026-06-16T01:01:18.019130+00:00,0.5587
SK증권,47,KOSPI,3305.0,2.48,2631639.0,8764000000.0,naver_finance_sise_quant,https://finance.naver.com/sise/sise_quant.naver?sosok=0,2026-06-16T01:01:17.845144+00:00,0.6153
고영,47,KOSDAQ,36650.0,-2.01,836773.0,31050000000.0,naver_finance_sise_quant,https://finance.naver.com/sise/sise_quant.naver?sosok=1,2026-06-16T01:01:18.019181+00:00,0.5081500000000001
SK네트웍스,48,KOSPI,12270.0,-4.51,2613610.0,32275000000.0,naver_finance_sise_quant,https://finance.naver.com/sise/sise_quant.naver?sosok=0,2026-06-16T01:01:17.845198+00:00,0.47225
HB테크놀러지,48,KOSDAQ,2975.0,-0.5,831287.0,2501000000.0,naver_finance_sise_quant,https://finance.naver.com/sise/sise_quant.naver?sosok=1,2026-06-16T01:01:18.019232+00:00,0.46475
TIGER 코리아AI전력기기TOP3플러스,49,KOSPI,25255.0,1.14,2579960.0,65684000000.0,naver_finance_sise_quant,https://finance.naver.com/sise/sise_quant.naver?sosok=0,2026-06-16T01:01:17.845251+00:00,0.6379
나우IB,49,KOSDAQ,1756.0,8.6,824350.0,1466000000.0,naver_finance_sise_quant,https://finance.naver.com/sise/sise_quant.naver?sosok=1,2026-06-16T01:01:18.019282+00:00,0.716
TIGER 200 건설,50,KOSPI,9775.0,4.71,2422326.0,23585000000.0,naver_finance_sise_quant,https://finance.naver.com/sise/sise_quant.naver?sosok=0,2026-06-16T01:01:17.845305+00:00,0.7275999999999999
SFA반도체,50,KOSDAQ,7230.0,-1.9,818719.0,5977000000.0,naver_finance_sise_quant,https://finance.naver.com/sise/sise_quant.naver?sosok=1,2026-06-16T01:01:18.019334+00:00,0.43925
진흥기업,51,KOSPI,967.0,6.97,2269311.0,2228000000.0,naver_finance_sise_quant,https://finance.naver.com/sise/sise_quant.naver?sosok=0,2026-06-16T01:01:17.845467+00:00,0.71745
아비코전자,51,KOSDAQ,12530.0,1.79,791779.0,10499000000.0,naver_finance_sise_quant,https://finance.naver.com/sise/sise_quant.naver?sosok=1,2026-06-16T01:01:18.019476+00:00,0.59115
KODEX 삼성전자SK하이닉스채권혼합50,52,KOSPI,15775.0,0.16,2180394.0,34637000000.0,naver_finance_sise_quant,https://finance.naver.com/sise/sise_quant.naver?sosok=0,2026-06-16T01:01:17.845520+00:00,0.57585
서진시스템,52,KOSDAQ,71100.0,-9.08,741865.0,54522000000.0,naver_finance_sise_quant,https://finance.naver.com/sise/sise_quant.naver?sosok=1,2026-06-16T01:01:18.019526+00:00,0.48024999999999995
KODEX 미국S&P500,53,KOSPI,25865.0,0.51,2154318.0,55770000000.0,naver_finance_sise_quant,https://finance.naver.com/sise/sise_quant.naver?sosok=0,2026-06-16T01:01:17.845573+00:00,0.60185
대아티아이,53,KOSDAQ,3415.0,4.59,722285.0,2386000000.0,naver_finance_sise_quant,https://finance.naver.com/sise/sise_quant.naver?sosok=1,2026-06-16T01:01:18.019575+00:00,0.63065
RISE 200선물인버스2X,54,KOSPI,76.0,-2.56,2141210.0,158000000.0,naver_finance_sise_quant,https://finance.naver.com/sise/sise_quant.naver?sosok=0,2026-06-16T01:01:17.845627+00:00,0.35015
라이콤,54,KOSDAQ,7295.0,-0.07,720841.0,5315000000.0,naver_finance_sise_quant,https://finance.naver.com/sise/sise_quant.naver?sosok=1,2026-06-16T01:01:18.019626+00:00,0.4903
KODEX AI반도체TOP2플러스,55,KOSPI,53045.0,0.17,2054383.0,110362000000.0,naver_finance_sise_quant,https://finance.naver.com/sise/sise_quant.naver?sosok=0,2026-06-16T01:01:17.845679+00:00,0.61145
센서뷰,55,KOSDAQ,2570.0,3.42,689258.0,1763000000.0,naver_finance_sise_quant,https://finance.naver.com/sise/sise_quant.naver?sosok=1,2026-06-16T01:01:18.019678+00:00,0.5822
RISE 현대차고정피지컬AI,56,KOSPI,12635.0,-1.13,2008788.0,25646000000.0,naver_finance_sise_quant,https://finance.naver.com/sise/sise_quant.naver?sosok=0,2026-06-16T01:01:17.845827+00:00,0.5146999999999999
대성하이텍,56,KOSDAQ,6620.0,15.94,686437.0,4724000000.0,naver_finance_sise_quant,https://finance.naver.com/sise/sise_quant.naver?sosok=1,2026-06-16T01:01:18.019834+00:00,0.7312500000000001
HANARO Fn K-반도체,57,KOSPI,75880.0,-0.29,1967665.0,151604000000.0,naver_finance_sise_quant,https://finance.naver.com/sise/sise_quant.naver?sosok=0,2026-06-16T01:01:17.845880+00:00,0.59585
서희건설,57,KOSDAQ,2410.0,2.34,678447.0,1653000000.0,naver_finance_sise_quant,https://finance.naver.com/sise/sise_quant.naver?sosok=1,2026-06-16T01:01:18.019885+00:00,0.5379
대한전선,58,KOSPI,40800.0,2.13,1958263.0,80089000000.0,naver_finance_sise_quant,https://finance.naver.com/sise/sise_quant.naver?sosok=0,2026-06-16T01:01:17.845933+00:00,0.6593000000000001
삼익제약,58,KOSDAQ,6560.0,-14.81,667876.0,4649000000.0,naver_finance_sise_quant,https://finance.naver.com/sise/sise_quant.naver?sosok=1,2026-06-16T01:01:18.019936+00:00,0.37575000000000003
SOL AI반도체소부장,59,KOSPI,32630.0,-3.7,1938286.0,64386000000.0,naver_finance_sise_quant,https://finance.naver.com/sise/sise_quant.naver?sosok=0,2026-06-16T01:01:17.845986+00:00,0.46950000000000003
쏠리드,59,KOSDAQ,13170.0,1.54,662102.0,8765000000.0,naver_finance_sise_quant,https://finance.naver.com/sise/sise_quant.naver?sosok=1,2026-06-16T01:01:18.019986+00:00,0.5564
KODEX 방산TOP10레버리지,60,KOSPI,12750.0,16.97,1909846.0,24997000000.0,naver_finance_sise_quant,https://finance.naver.com/sise/sise_quant.naver?sosok=0,2026-06-16T01:01:17.846039+00:00,0.78925
유니슨,60,KOSDAQ,920.0,-1.08,659609.0,613000000.0,naver_finance_sise_quant,https://finance.naver.com/sise/sise_quant.naver?sosok=1,2026-06-16T01:01:18.020036+00:00,0.39545
SOL 조선TOP3플러스,61,KOSPI,39110.0,1.81,1906331.0,74339000000.0,naver_finance_sise_quant,https://finance.naver.com/sise/sise_quant.naver?sosok=0,2026-06-16T01:01:17.846186+00:00,0.63835
한성크린텍,61,KOSDAQ,1833.0,0.94,657683.0,1230000000.0,naver_finance_sise_quant,https://finance.naver.com/sise/sise_quant.naver?sosok=1,2026-06-16T01:01:18.020178+00:00,0.4739
삼성중공업,62,KOSPI,28750.0,0.35,1890197.0,54504000000.0,naver_finance_sise_quant,https://finance.naver.com/sise/sise_quant.naver?sosok=0,2026-06-16T01:01:17.846239+00:00,0.5740000000000001
현대바이오,62,KOSDAQ,9480.0,-0.52,657519.0,6435000000.0,naver_finance_sise_quant,https://finance.naver.com/sise/sise_quant.naver?sosok=1,2026-06-16T01:01:18.020229+00:00,0.46255
KODEX WTI원유선물인버스(H),63,KOSPI,2230.0,-0.89,1830544.0,4066000000.0,naver_finance_sise_quant,https://finance.naver.com/sise/sise_quant.naver?sosok=0,2026-06-16T01:01:17.846296+00:00,0.43234999999999996
아난티,63,KOSDAQ,5180.0,2.17,652926.0,3323000000.0,naver_finance_sise_quant,https://finance.naver.com/sise/sise_quant.naver?sosok=1,2026-06-16T01:01:18.020279+00:00,0.53745
TIGER K방산&우주,64,KOSPI,45770.0,9.81,1809604.0,84152000000.0,naver_finance_sise_quant,https://finance.naver.com/sise/sise_quant.naver?sosok=0,2026-06-16T01:01:17.846350+00:00,0.82125
퀄리타스반도체,64,KOSDAQ,14950.0,4.55,651551.0,10150000000.0,naver_finance_sise_quant,https://finance.naver.com/sise/sise_quant.naver?sosok=1,2026-06-16T01:01:18.020330+00:00,0.6535
KODEX 현대차로보틱스밸류체인TOP3플러스,65,KOSPI,8860.0,-0.84,1794340.0,16027000000.0,naver_finance_sise_quant,https://finance.naver.com/sise/sise_quant.naver?sosok=0,2026-06-16T01:01:17.846403+00:00,0.48260000000000003
켄코아에어로스페이스,65,KOSDAQ,18270.0,0.94,643274.0,12272000000.0,naver_finance_sise_quant,https://finance.naver.com/sise/sise_quant.naver?sosok=1,2026-06-16T01:01:18.020392+00:00,0.5348999999999999
TIGER 2차전지TOP10레버리지,66,KOSPI,1832.0,-3.58,1781304.0,3283000000.0,naver_finance_sise_quant,https://finance.naver.com/sise/sise_quant.naver?sosok=0,2026-06-16T01:01:17.846551+00:00,0.34875
세아메카닉스,66,KOSDAQ,5100.0,13.08,641785.0,3173000000.0,naver_finance_sise_quant,https://finance.naver.com/sise/sise_quant.naver?sosok=1,2026-06-16T01:01:18.020537+00:00,0.6937500000000001
KoAct 바이오헬스케어액티브,67,KOSPI,16360.0,1.46,1768165.0,29042000000.0,naver_finance_sise_quant,https://finance.naver.com/sise/sise_quant.naver?sosok=0,2026-06-16T01:01:17.846604+00:00,0.5836
유진테크놀로지,67,KOSDAQ,3400.0,24.09,623573.0,1960000000.0,naver_finance_sise_quant,https://finance.naver.com/sise/sise_quant.naver?sosok=1,2026-06-16T01:01:18.020588+00:00,0.6815
TIGER 리츠부동산인프라,68,KOSPI,4195.0,1.7,1738916.0,7223000000.0,naver_finance_sise_quant,https://finance.naver.com/sise/sise_quant.naver?sosok=0,2026-06-16T01:01:17.846658+00:00,0.53475
팸텍,68,KOSDAQ,1668.0,-4.03,595354.0,1014000000.0,naver_finance_sise_quant,https://finance.naver.com/sise/sise_quant.naver?sosok=1,2026-06-16T01:01:18.020640+00:00,0.31625000000000003
KODEX 증권,69,KOSPI,25660.0,3.05,1688252.0,43069000000.0,naver_finance_sise_quant,https://finance.naver.com/sise/sise_quant.naver?sosok=0,2026-06-16T01:01:17.846721+00:00,0.64675
원익IPS,69,KOSDAQ,161000.0,-7.74,580862.0,95315000000.0,naver_finance_sise_quant,https://finance.naver.com/sise/sise_quant.naver?sosok=1,2026-06-16T01:01:18.020690+00:00,0.46099999999999997
KODEX 금융고배당TOP10타겟위클리커버드콜,70,KOSPI,12655.0,3.35,1684848.0,21223000000.0,naver_finance_sise_quant,https://finance.naver.com/sise/sise_quant.naver?sosok=0,2026-06-16T01:01:17.846775+00:00,0.631
성우하이텍,70,KOSDAQ,7290.0,1.53,558090.0,4184000000.0,naver_finance_sise_quant,https://finance.naver.com/sise/sise_quant.naver?sosok=1,2026-06-16T01:01:18.020740+00:00,0.5023000000000001
일성건설,71,KOSPI,1606.0,24.5,1680661.0,2707000000.0,naver_finance_sise_quant,https://finance.naver.com/sise/sise_quant.naver?sosok=0,2026-06-16T01:01:17.846936+00:00,0.6785000000000001
스피어,71,KOSDAQ,34400.0,-2.27,557061.0,19561000000.0,naver_finance_sise_quant,https://finance.naver.com/sise/sise_quant.naver?sosok=1,2026-06-16T01:01:18.020885+00:00,0.42605000000000004
TIGER 배당커버드콜액티브,72,KOSPI,27115.0,0.76,1637610.0,44772000000.0,naver_finance_sise_quant,https://finance.naver.com/sise/sise_quant.naver?sosok=0,2026-06-16T01:01:17.846990+00:00,0.56185
샤페론,72,KOSDAQ,1218.0,-6.31,526290.0,648000000.0,naver_finance_sise_quant,https://finance.naver.com/sise/sise_quant.naver?sosok=1,2026-06-16T01:01:18.020936+00:00,0.30225
미래에셋생명,73,KOSPI,30750.0,7.33,1626735.0,49095000000.0,naver_finance_sise_quant,https://finance.naver.com/sise/sise_quant.naver?sosok=0,2026-06-16T01:01:17.847044+00:00,0.781
네패스,73,KOSDAQ,39500.0,10.03,525061.0,20596000000.0,naver_finance_sise_quant,https://finance.naver.com/sise/sise_quant.naver?sosok=1,2026-06-16T01:01:18.020986+00:00,0.75
KIWOOM 미국우주데이터센터인프라,74,KOSPI,10330.0,3.3,1611909.0,16516000000.0,naver_finance_sise_quant,https://finance.naver.com/sise/sise_quant.naver?sosok=0,2026-06-16T01:01:17.847097+00:00,0.60825
현대무벡스,74,KOSDAQ,36450.0,-3.95,524880.0,19717000000.0,naver_finance_sise_quant,https://finance.naver.com/sise/sise_quant.naver?sosok=1,2026-06-16T01:01:18.021038+00:00,0.39575000000000005
TIGER 코리아휴머노이드로봇산업,75,KOSPI,12775.0,-2.48,1593292.0,20611000000.0,naver_finance_sise_quant,https://finance.naver.com/sise/sise_quant.naver?sosok=0,2026-06-16T01:01:17.847150+00:00,0.4147
삼양컴텍,75,KOSDAQ,8700.0,8.21,516558.0,4540000000.0,naver_finance_sise_quant,https://finance.naver.com/sise/sise_quant.naver?sosok=1,2026-06-16T01:01:18.021087+00:00,0.6855
KODEX 조선TOP10,76,KOSPI,10700.0,1.9,1588182.0,16906000000.0,naver_finance_sise_quant,https://finance.naver.com/sise/sise_quant.naver?sosok=0,2026-06-16T01:01:17.847300+00:00,0.55575
뷰티스킨,76,KOSDAQ,2170.0,3.83,513167.0,1153000000.0,naver_finance_sise_quant,https://finance.naver.com/sise/sise_quant.naver?sosok=1,2026-06-16T01:01:18.021228+00:00,0.5393
LG디스플레이,77,KOSPI,14130.0,0.0,1571312.0,22222000000.0,naver_finance_sise_quant,https://finance.naver.com/sise/sise_quant.naver?sosok=0,2026-06-16T01:01:17.847353+00:00,0.5
엑스큐어,77,KOSDAQ,1780.0,-10.82,512044.0,972000000.0,naver_finance_sise_quant,https://finance.naver.com/sise/sise_quant.naver?sosok=1,2026-06-16T01:01:18.021280+00:00,0.29500000000000004
미래에셋증권,78,KOSPI,53400.0,3.49,1516130.0,81759000000.0,naver_finance_sise_quant,https://finance.naver.com/sise/sise_quant.naver?sosok=0,2026-06-16T01:01:17.847407+00:00,0.6629
해성옵틱스,78,KOSDAQ,1235.0,-1.67,490383.0,601000000.0,naver_finance_sise_quant,https://finance.naver.com/sise/sise_quant.naver?sosok=1,2026-06-16T01:01:18.021330+00:00,0.3333
TIGER 200,79,KOSPI,138085.0,1.3,1447426.0,201555000000.0,naver_finance_sise_quant,https://finance.naver.com/sise/sise_quant.naver?sosok=0,2026-06-16T01:01:17.847459+00:00,0.6090000000000001
에이팩트,79,KOSDAQ,12000.0,-1.23,490265.0,5905000000.0,naver_finance_sise_quant,https://finance.naver.com/sise/sise_quant.naver?sosok=1,2026-06-16T01:01:18.021380+00:00,0.39645
KODEX 미국나스닥100,80,KOSPI,30595.0,1.02,1438095.0,44082000000.0,naver_finance_sise_quant,https://finance.naver.com/sise/sise_quant.naver?sosok=0,2026-06-16T01:01:17.847513+00:00,0.5519499999999999
에스와이스틸텍,80,KOSDAQ,2380.0,1.49,484045.0,1161000000.0,naver_finance_sise_quant,https://finance.naver.com/sise/sise_quant.naver?sosok=1,2026-06-16T01:01:18.021442+00:00,0.4494
한화시스템,81,KOSPI,107500.0,8.04,1430556.0,159273000000.0,naver_finance_sise_quant,https://finance.naver.com/sise/sise_quant.naver?sosok=0,2026-06-16T01:01:17.847665+00:00,0.801
피스피스스튜디오,81,KOSDAQ,9510.0,-5.18,469070.0,4599000000.0,naver_finance_sise_quant,https://finance.naver.com/sise/sise_quant.naver?sosok=1,2026-06-16T01:01:18.021592+00:00,0.323
TIGER 기술이전바이오액티브,82,KOSPI,7270.0,1.18,1379923.0,10160000000.0,naver_finance_sise_quant,https://finance.naver.com/sise/sise_quant.naver?sosok=0,2026-06-16T01:01:17.847720+00:00,0.49605
동양파일,82,KOSDAQ,1784.0,0.79,464095.0,907000000.0,naver_finance_sise_quant,https://finance.naver.com/sise/sise_quant.naver?sosok=1,2026-06-16T01:01:18.021644+00:00,0.4144
KIWOOM 200선물인버스2X,83,KOSPI,74.0,-2.63,1373906.0,99000000.0,naver_finance_sise_quant,https://finance.naver.com/sise/sise_quant.naver?sosok=0,2026-06-16T01:01:17.847774+00:00,0.2794500000000001
SM C&C,83,KOSDAQ,1228.0,2.42,454151.0,548000000.0,naver_finance_sise_quant,https://finance.naver.com/sise/sise_quant.naver?sosok=1,2026-06-16T01:01:18.021694+00:00,0.46420000000000006
TIGER 2차전지소재Fn,84,KOSPI,6530.0,-0.61,1371070.0,8982000000.0,naver_finance_sise_quant,https://finance.naver.com/sise/sise_quant.naver?sosok=0,2026-06-16T01:01:17.847829+00:00,0.4259
HLB,84,KOSDAQ,43250.0,-4.95,451508.0,19595000000.0,naver_finance_sise_quant,https://finance.naver.com/sise/sise_quant.naver?sosok=1,2026-06-16T01:01:18.021744+00:00,0.37224999999999997
DL이앤씨,85,KOSPI,90300.0,14.3,1348965.0,120921000000.0,naver_finance_sise_quant,https://finance.naver.com/sise/sise_quant.naver?sosok=0,2026-06-16T01:01:17.847886+00:00,0.784
제이케이시냅스,85,KOSDAQ,262.0,-0.38,436255.0,117000000.0,naver_finance_sise_quant,https://finance.naver.com/sise/sise_quant.naver?sosok=1,2026-06-16T01:01:18.021796+00:00,0.35570000000000007
SOL 반도체전공정,86,KOSPI,28335.0,-6.36,1320164.0,38120000000.0,naver_finance_sise_quant,https://finance.naver.com/sise/sise_quant.naver?sosok=0,2026-06-16T01:01:17.848036+00:00,0.39175
아모텍,86,KOSDAQ,29650.0,2.24,435121.0,13035000000.0,naver_finance_sise_quant,https://finance.naver.com/sise/sise_quant.naver?sosok=1,2026-06-16T01:01:18.021938+00:00,0.53715
대한해운,87,KOSPI,2110.0,-0.24,1306234.0,2767000000.0,naver_finance_sise_quant,https://finance.naver.com/sise/sise_quant.naver?sosok=0,2026-06-16T01:01:17.848089+00:00,0.3901
위더스제약,87,KOSDAQ,7260.0,-11.25,430900.0,3253000000.0,naver_finance_sise_quant,https://finance.naver.com/sise/sise_quant.naver?sosok=1,2026-06-16T01:01:18.021989+00:00,0.29850000000000004
KODEX 바이오,88,KOSPI,9780.0,0.62,1290008.0,12694000000.0,naver_finance_sise_quant,https://finance.naver.com/sise/sise_quant.naver?sosok=0,2026-06-16T01:01:17.848142+00:00,0.47495
PS일렉트로닉스,88,KOSDAQ,7710.0,-2.53,419549.0,3260000000.0,naver_finance_sise_quant,https://finance.naver.com/sise/sise_quant.naver?sosok=1,2026-06-16T01:01:18.022039+00:00,0.3137
TIGER 코스닥150 레버리지,89,KOSPI,14125.0,-5.01,1276977.0,18370000000.0,naver_finance_sise_quant,https://finance.naver.com/sise/sise_quant.naver?sosok=0,2026-06-16T01:01:17.848195+00:00,0.3580000000000001
SKAI,89,KOSDAQ,4115.0,-0.48,418642.0,1727000000.0,naver_finance_sise_quant,https://finance.naver.com/sise/sise_quant.naver?sosok=1,2026-06-16T01:01:18.022089+00:00,0.3682000000000001
TIGER 화장품,90,KOSPI,3495.0,-0.14,1268831.0,4504000000.0,naver_finance_sise_quant,https://finance.naver.com/sise/sise_quant.naver?sosok=0,2026-06-16T01:01:17.848247+00:00,0.40084999999999993
엠케이전자,90,KOSDAQ,29800.0,1.36,416741.0,12405000000.0,naver_finance_sise_quant,https://finance.naver.com/sise/sise_quant.naver?sosok=1,2026-06-16T01:01:18.022139+00:00,0.49435
성문전자,91,KOSPI,2755.0,29.95,1268472.0,3231000000.0,naver_finance_sise_quant,https://finance.naver.com/sise/sise_quant.naver?sosok=0,2026-06-16T01:01:17.848395+00:00,0.6385000000000001
한라캐스트,91,KOSDAQ,12740.0,2.25,410084.0,5227000000.0,naver_finance_sise_quant,https://finance.naver.com/sise/sise_quant.naver?sosok=1,2026-06-16T01:01:18.022279+00:00,0.48725
TIGER 인버스,92,KOSPI,1034.0,-0.86,1261207.0,1291000000.0,naver_finance_sise_quant,https://finance.naver.com/sise/sise_quant.naver?sosok=0,2026-06-16T01:01:17.848448+00:00,0.34215
리노공업,92,KOSDAQ,94600.0,-2.27,407331.0,38884000000.0,naver_finance_sise_quant,https://finance.naver.com/sise/sise_quant.naver?sosok=1,2026-06-16T01:01:18.022329+00:00,0.4058
두산에너빌리티,93,KOSPI,102500.0,2.71,1251582.0,129416000000.0,naver_finance_sise_quant,https://finance.naver.com/sise/sise_quant.naver?sosok=0,2026-06-16T01:01:17.848499+00:00,0.61685
지투파워,93,KOSDAQ,9780.0,7.59,399235.0,3856000000.0,naver_finance_sise_quant,https://finance.naver.com/sise/sise_quant.naver?sosok=1,2026-06-16T01:01:18.022391+00:00,0.64
NAVER,94,KOSPI,244250.0,-1.51,1214400.0,309512000000.0,naver_finance_sise_quant,https://finance.naver.com/sise/sise_quant.naver?sosok=0,2026-06-16T01:01:17.848552+00:00,0.48389999999999994
랩지노믹스,94,KOSDAQ,1022.0,-5.46,396742.0,410000000.0,naver_finance_sise_quant,https://finance.naver.com/sise/sise_quant.naver?sosok=1,2026-06-16T01:01:18.022442+00:00,0.24674999999999997
대한항공,95,KOSPI,28950.0,-3.5,1198866.0,34997000000.0,naver_finance_sise_quant,https://finance.naver.com/sise/sise_quant.naver?sosok=0,2026-06-16T01:01:17.848604+00:00,0.36950000000000005
플루토스,95,KOSDAQ,279.0,-4.78,386471.0,110000000.0,naver_finance_sise_quant,https://finance.naver.com/sise/sise_quant.naver?sosok=1,2026-06-16T01:01:18.022533+00:00,0.24050000000000002
PLUS K방산,96,KOSPI,72225.0,8.12,1152880.0,84150000000.0,naver_finance_sise_quant,https://finance.naver.com/sise/sise_quant.naver?sosok=0,2026-06-16T01:01:17.848762+00:00,0.74825
마키나락스,96,KOSDAQ,21100.0,-4.52,383166.0,8235000000.0,naver_finance_sise_quant,https://finance.naver.com/sise/sise_quant.naver?sosok=1,2026-06-16T01:01:18.022770+00:00,0.30925
SOL 조선TOP3플러스레버리지,97,KOSPI,19210.0,5.29,1150724.0,21990000000.0,naver_finance_sise_quant,https://finance.naver.com/sise/sise_quant.naver?sosok=0,2026-06-16T01:01:17.848815+00:00,0.63915
삼양엔씨켐,97,KOSDAQ,18060.0,3.5,380155.0,6915000000.0,naver_finance_sise_quant,https://finance.naver.com/sise/sise_quant.naver?sosok=1,2026-06-16T01:01:18.022830+00:00,0.5285
제주은행,98,KOSPI,12700.0,3.34,1134601.0,14221000000.0,naver_finance_sise_quant,https://finance.naver.com/sise/sise_quant.naver?sosok=0,2026-06-16T01:01:17.848867+00:00,0.55065
알트,98,KOSDAQ,1735.0,-3.93,380120.0,669000000.0,naver_finance_sise_quant,https://finance.naver.com/sise/sise_quant.naver?sosok=1,2026-06-16T01:01:18.022889+00:00,0.24475000000000002
KODEX 은행,99,KOSPI,16730.0,3.62,1129961.0,18787000000.0,naver_finance_sise_quant,https://finance.naver.com/sise/sise_quant.naver?sosok=0,2026-06-16T01:01:17.848919+00:00,0.5682
원텍,99,KOSDAQ,6820.0,-2.71,375053.0,2608000000.0,naver_finance_sise_quant,https://finance.naver.com/sise/sise_quant.naver?sosok=1,2026-06-16T01:01:18.022944+00:00,0.27365
KODEX 2차전지산업,100,KOSPI,17980.0,-1.45,1109087.0,20014000000.0,naver_finance_sise_quant,https://finance.naver.com/sise/sise_quant.naver?sosok=0,2026-06-16T01:01:17.848972+00:00,0.39250000000000007
동신건설,100,KOSDAQ,14420.0,17.24,374434.0,5458000000.0,naver_finance_sise_quant,https://finance.naver.com/sise/sise_quant.naver?sosok=1,2026-06-16T01:01:18.023000+00:00,0.6352500000000001
